Order_ID,Carrier,Promised_Delivery_Days,Actual_Delivery_Days,Delivery_Status,Quality_Issue,Customer_Rating,Delivery_Cost_INR,Order_Date,Customer_Segment,Priority,Product_Category,Order_Value_INR,Origin,Destination,Special_Handling,Route,Distance_KM,Fuel_Consumption_L,Toll_Charges_INR,Traffic_Delay_Minutes,Weather_Impact,Delay_Days,Delayed,Fuel_Cost_per_KM,Delivery_Efficiency,Revenue_per_KM,Cost_Efficiency_Score,Satisfaction_Index
ORD000001,SpeedyLogistics,1.0,2.0,Slightly-Delayed,Perfect,3.0,387.86,2025-10-09,Individual,Express,Industrial,238.73,Kolkata,Hyderabad,,Kolkata-Hyderabad,152.59,23.02,122.08,21.0,0,1.0,1,0.8000524280752342,76.295,1.5645193000851956,0.4,2.7
ORD000002,SpeedyLogistics,2.0,3.0,Slightly-Delayed,Minor_Damage,1.0,430.19,2025-09-29,SMB,Express,Industrial,17.01,Hyderabad,Kolkata,,Hyderabad-Kolkata,362.05,43.98,289.64,33.0,0,1.0,1,0.7999999999999999,120.68333333333334,0.046982460986051654,0.01,0.9
ORD000003,SpeedyLogistics,10.0,15.0,Severely-Delayed,Minor_Damage,3.0,1039.19,2025-09-15,SMB,Economy,Industrial,3024.95,Mumbai,Pune,,Mumbai-Pune,519.74,65.75,415.79,2.0,0,5.0,1,0.7999961519221149,34.64933333333333,5.820121599261169,0.56,1.5
ORD000004,QuickShip,5.0,5.0,On-Time,Perfect,5.0,599.01,2025-10-13,Individual,Economy,Fashion,56.74,Hyderabad,Ahmedabad,,Hyderabad-Ahmedabad,540.87,61.85,432.7,112.0,0,0.0,0,0.8000073954924474,108.174,0.1049050603657071,0.02,5.0
ORD000005,SpeedyLogistics,4.0,5.0,Slightly-Delayed,Perfect,3.0,537.9,2025-09-08,SMB,Standard,Fashion,19148.65,Chennai,Mumbai,,Chennai-Mumbai,1251.56,147.54,1001.25,10.0,0,1.0,1,0.8000015980056889,250.31199999999998,15.299825817379912,2.84,2.7
ORD000006,GlobalTransit,1.0,2.0,Slightly-Delayed,Perfect,4.0,378.99,2025-09-21,Individual,Express,Food & Beverage,158.22,Chennai,Dubai,,Chennai-Dubai,3041.83,365.82,0.0,0.0,0,1.0,1,0.0,1520.915,0.05201474112622993,0.01,3.6
ORD000007,QuickShip,3.0,3.0,On-Time,Perfect,4.0,439.72,2025-10-09,Individual,Standard,Electronics,736.82,Pune,Bangalore,,Pune-Bangalore,854.87,103.85,683.9,10.0,0,0.0,0,0.8000046790740112,284.95666666666665,0.8619088282428908,0.2,4.0
ORD000008,GlobalTransit,5.0,10.0,Severely-Delayed,Perfect,2.0,836.35,2025-09-19,Enterprise,Standard,Industrial,4771.54,Chennai,Kolkata,,Chennai-Kolkata,1430.06,173.95,1144.05,81.0,0,5.0,1,0.8000013985427185,143.006,3.3366012614855323,0.4,1.0
ORD000009,SpeedyLogistics,2.0,2.0,On-Time,Perfect,5.0,414.8,2025-09-23,SMB,Express,Books,3711.35,Delhi,Hong Kong,,Delhi-Hong Kong,3708.13,446.18,0.0,0.0,0,0.0,0,0.0,1854.065,1.0008683622203105,0.24,5.0
ORD000010,GlobalTransit,4.0,9.0,Severely-Delayed,Minor_Damage,3.0,891.65,2025-09-11,SMB,Standard,Electronics,7936.32,Hyderabad,Mumbai,Hazmat,Hyderabad-Mumbai,771.73,88.0,617.39,16.0,Light_Rain,5.0,1,0.8000077747398702,85.74777777777778,10.283803921060473,1.15,1.5
ORD000011,EcoDeliver,3.0,4.0,Slightly-Delayed,Perfect,3.0,319.8,2025-09-11,Enterprise,Standard,Books,41.07,Delhi,Bangkok,,Delhi-Bangkok,4720.83,562.82,0.0,0.0,0,1.0,1,0.0,1180.2075,0.008699741359040678,0.0,2.7
ORD000012,ReliableExpress,3.0,3.0,On-Time,Perfect,5.0,583.33,2025-09-24,Enterprise,Standard,Electronics,73.42,Mumbai,Hong Kong,,Mumbai-Hong Kong,3797.36,454.22,0.0,0.0,0,0.0,0,0.0,1265.7866666666666,0.01933448501063897,0.0,5.0
ORD000013,QuickShip,3.0,3.0,On-Time,Perfect,4.0,587.57,2025-10-06,SMB,Standard,Food & Beverage,566.23,Hyderabad,Bangalore,,Hyderabad-Bangalore,164.57,22.21,131.65,102.0,0,0.0,0,0.7999635413501854,54.85666666666666,3.4406635474266274,0.58,4.0
ORD000014,SpeedyLogistics,2.0,2.0,On-Time,Perfect,5.0,313.96,2025-10-10,SMB,Express,Industrial,1421.72,Delhi,Bangalore,,Delhi-Bangalore,1450.16,171.78,1160.13,45.0,0,0.0,0,0.8000013791581619,725.08,0.9803883709383792,0.31,5.0
ORD000015,EcoDeliver,3.0,3.0,On-Time,Perfect,5.0,435.14,2025-09-24,Enterprise,Standard,Industrial,396.69,Kolkata,Delhi,Hazmat,Kolkata-Delhi,1748.33,214.29,1398.67,25.0,Fog,0.0,0,0.8000034318463907,582.7766666666666,0.22689652411158076,0.05,5.0
ORD000016,ReliableExpress,3.0,3.0,On-Time,Perfect,5.0,425.42,2025-09-03,Enterprise,Standard,Healthcare,34.57,Delhi,Mumbai,Fragile,Delhi-Mumbai,921.79,114.25,737.43,54.0,0,0.0,0,0.7999978303084216,307.2633333333333,0.03750311893164387,0.01,5.0
ORD000017,GlobalTransit,5.0,5.0,On-Time,Perfect,4.0,437.4,2025-09-22,Individual,Standard,Books,849.69,Hyderabad,Singapore,,Hyderabad-Singapore,2857.35,339.91,0.0,0.0,Light_Rain,0.0,0,0.0,571.47,0.2973699406793008,0.07,4.0
ORD000018,EcoDeliver,7.0,8.0,Slightly-Delayed,Perfect,3.0,658.72,2025-09-02,Enterprise,Economy,Electronics,301.46,Mumbai,Chennai,Fragile,Mumbai-Chennai,757.12,90.97,605.7,114.0,0,1.0,1,0.8000052831783602,94.64,0.39816673710904477,0.06,2.7
ORD000019,GlobalTransit,5.0,6.0,Slightly-Delayed,Wrong_Item,1.0,417.76,2025-09-24,Enterprise,Standard,Electronics,296.08,Ahmedabad,Bangalore,Hazmat,Ahmedabad-Bangalore,1571.48,193.39,1257.18,81.0,0,1.0,1,0.7999974546287576,261.91333333333336,0.18840837936212995,0.04,0.9
ORD000020,QuickShip,2.0,2.0,On-Time,Perfect,5.0,311.13,2025-10-14,SMB,Express,Fashion,13.24,Kolkata,Pune,Temperature_Controlled,Kolkata-Pune,1123.6,135.75,898.88,6.0,Fog,0.0,0,0.8,561.8,0.011783552865788537,0.0,5.0
ORD000021,QuickShip,2.0,2.0,On-Time,Perfect,5.0,526.67,2025-09-30,Individual,Express,Healthcare,1334.39,Mumbai,Singapore,Fragile,Mumbai-Singapore,2601.42,308.26,0.0,0.0,Heavy_Rain,0.0,0,0.0,1300.71,0.512946775222763,0.1,5.0
ORD000022,SpeedyLogistics,3.0,3.0,On-Time,Perfect,5.0,363.82,2025-10-08,Enterprise,Standard,Home Goods,501.6,Bangalore,Dubai,Fragile,Bangalore-Dubai,3317.45,401.56,0.0,0.0,Heavy_Rain,0.0,0,0.0,1105.8166666666666,0.15120047024069694,0.04,5.0
ORD000023,EcoDeliver,1.0,3.0,Slightly-Delayed,Perfect,4.0,577.28,2025-09-02,SMB,Express,Home Goods,5959.53,Ahmedabad,Dubai,,Ahmedabad-Dubai,2187.37,266.32,0.0,0.0,0,2.0,1,0.0,729.1233333333333,2.7245184856700058,0.47,3.2
ORD000024,ReliableExpress,5.0,6.0,Slightly-Delayed,Perfect,3.0,612.64,2025-09-21,Individual,Standard,Fashion,360.77,Bangalore,Kolkata,,Bangalore-Kolkata,967.74,117.39,774.19,30.0,Light_Rain,1.0,1,0.7999979333292,161.29,0.37279641225949117,0.06,2.7
ORD000025,QuickShip,10.0,10.0,On-Time,Perfect,5.0,951.95,2025-10-03,Enterprise,Economy,Fashion,943.42,Mumbai,Hyderabad,,Mumbai-Hyderabad,1396.41,171.86,1117.13,85.0,Light_Rain,0.0,0,0.8000014322441117,139.64100000000002,0.6756038699235897,0.07,5.0
ORD000026,SpeedyLogistics,5.0,6.0,Slightly-Delayed,Perfect,3.0,629.91,2025-09-12,Individual,Standard,Fashion,1404.91,Bangalore,Delhi,,Bangalore-Delhi,1277.31,149.62,1021.84,20.0,0,1.0,1,0.7999937368375728,212.885,1.0998974407152533,0.17,2.7
ORD000027,SpeedyLogistics,5.0,5.0,On-Time,Perfect,5.0,361.87,2025-09-22,SMB,Standard,Books,29.39,Bangalore,Bangkok,,Bangalore-Bangkok,4413.31,527.38,0.0,0.0,0,0.0,0,0.0,882.662,0.0066594007672246,0.0,5.0
ORD000028,GlobalTransit,5.0,5.0,On-Time,Perfect,5.0,620.17,2025-10-14,SMB,Standard,Books,20435.93,Kolkata,Dubai,,Kolkata-Dubai,4872.34,579.77,0.0,0.0,Fog,0.0,0,0.0,974.4680000000001,4.194274209106918,0.68,5.0
ORD000029,ReliableExpress,3.0,3.0,On-Time,Perfect,5.0,267.94,2025-09-25,SMB,Standard,Food & Beverage,211.41,Chennai,Singapore,,Chennai-Singapore,4030.46,486.94,0.0,0.0,0,0.0,0,0.0,1343.4866666666667,0.05245306987291773,0.02,5.0
ORD000030,GlobalTransit,5.0,5.0,On-Time,Perfect,5.0,530.24,2025-10-19,SMB,Standard,Food & Beverage,847.13,Delhi,Chennai,Fragile,Delhi-Chennai,124.34,17.3,99.47,24.0,0,0.0,0,0.799983915071578,24.868000000000002,6.813012707093454,1.28,5.0
ORD000031,QuickShip,7.0,8.0,Slightly-Delayed,Perfect,3.0,871.77,2025-09-27,Enterprise,Economy,Fashion,1054.55,Mumbai,Bangkok,Temperature_Controlled,Mumbai-Bangkok,2207.09,259.91,0.0,0.0,Heavy_Rain,1.0,1,0.0,275.88625,0.47780108649851155,0.05,2.7
ORD000032,ReliableExpress,3.0,5.0,Slightly-Delayed,Perfect,3.0,416.08,2025-10-12,Individual,Standard,Healthcare,118.85,Chennai,Dubai,,Chennai-Dubai,4465.78,538.99,0.0,0.0,Heavy_Rain,2.0,1,0.0,893.156,0.026613491931980527,0.01,2.4000000000000004
ORD000033,SpeedyLogistics,5.0,5.0,On-Time,Perfect,5.0,505.95,2025-09-28,SMB,Economy,Electronics,6441.2,Delhi,Chennai,,Delhi-Chennai,1290.06,150.85,1032.05,22.0,0,0.0,0,0.8000015503154893,258.012,4.992946064524131,0.98,5.0
ORD000034,ReliableExpress,7.0,8.0,Slightly-Delayed,Perfect,3.0,791.94,2025-09-16,Enterprise,Economy,Books,601.2,Mumbai,Dubai,Temperature_Controlled,Mumbai-Dubai,2232.95,267.03,0.0,0.0,0,1.0,1,0.0,279.11875,0.2692402427282295,0.03,2.7
ORD000035,SpeedyLogistics,2.0,3.0,Slightly-Delayed,Perfect,3.0,602.9,2025-09-15,Enterprise,Express,Healthcare,292.89,Pune,Delhi,,Pune-Delhi,212.22,23.95,169.77,2.0,0,1.0,1,0.7999717274526436,70.74,1.3801243992083687,0.23,2.7
ORD000036,EcoDeliver,2.0,3.0,Slightly-Delayed,Perfect,3.0,518.38,2025-10-17,SMB,Express,Industrial,496.59,Chennai,Hong Kong,Fragile,Chennai-Hong Kong,3731.12,449.71,0.0,0.0,0,1.0,1,0.0,1243.7066666666667,0.1330940843500075,0.03,2.7
ORD000037,QuickShip,1.0,1.0,On-Time,Minor_Damage,4.0,253.27,2025-10-14,SMB,Express,Books,1269.5,Chennai,Dubai,,Chennai-Dubai,2302.82,280.03,0.0,0.0,0,0.0,0,0.0,2302.82,0.5512806037814505,0.22,4.0
ORD000038,SpeedyLogistics,1.0,6.0,Severely-Delayed,Perfect,1.0,669.84,2025-09-03,Enterprise,Express,Books,410.02,Hyderabad,Singapore,,Hyderabad-Singapore,2338.79,284.08,0.0,0.0,0,5.0,1,0.0,389.79833333333335,0.17531287546124277,0.03,0.5
ORD000039,GlobalTransit,2.0,3.0,Slightly-Delayed,Perfect,3.0,368.69,2025-10-07,SMB,Express,Food & Beverage,1514.58,Bangalore,Dubai,Hazmat,Bangalore-Dubai,3434.78,408.63,0.0,0.0,Light_Rain,1.0,1,0.0,1144.9266666666667,0.44095400578785243,0.12,2.7
ORD000040,GlobalTransit,5.0,5.0,On-Time,Perfect,5.0,637.37,2025-09-07,Enterprise,Standard,Electronics,32.22,Kolkata,Hyderabad,,Kolkata-Hyderabad,1233.65,145.15,986.92,33.0,0,0.0,0,0.7999999999999999,246.73000000000002,0.026117618449317065,0.0,5.0
ORD000041,ReliableExpress,1.0,2.0,Slightly-Delayed,Perfect,3.0,581.61,2025-09-21,SMB,Express,Electronics,131.37,Bangalore,Bangkok,,Bangalore-Bangkok,4410.45,533.55,0.0,0.0,0,1.0,1,0.0,2205.225,0.02978607625072272,0.01,2.7
ORD000042,ReliableExpress,4.0,4.0,On-Time,Perfect,4.0,588.56,2025-09-09,Enterprise,Standard,Home Goods,16.31,Mumbai,Bangkok,Fragile,Mumbai-Bangkok,4718.33,564.41,0.0,0.0,0,0.0,0,0.0,1179.5825,0.0034567315130565263,0.0,4.0
ORD000043,QuickShip,10.0,12.0,Slightly-Delayed,Wrong_Item,1.0,1045.15,2025-10-09,SMB,Economy,Home Goods,8066.8,Delhi,Bangalore,,Delhi-Bangalore,484.25,59.51,387.4,52.0,0,2.0,1,0.7999999999999999,40.354166666666664,16.658337635518844,1.59,0.8
ORD000044,SpeedyLogistics,1.0,1.0,On-Time,Perfect,5.0,150.84,2025-09-18,SMB,Express,Home Goods,7910.83,Bangalore,Singapore,,Bangalore-Singapore,2643.88,316.43,0.0,0.0,Light_Rain,0.0,0,0.0,2643.88,2.9921289922386793,1.97,5.0
ORD000045,SpeedyLogistics,5.0,5.0,On-Time,Perfect,4.0,637.03,2025-09-04,Individual,Economy,Home Goods,1032.69,Kolkata,Pune,Hazmat,Kolkata-Pune,419.33,52.52,335.47,31.0,0,0.0,0,0.8000143085398136,83.866,2.4627143300026235,0.39,4.0
ORD000046,SpeedyLogistics,3.0,5.0,Slightly-Delayed,Perfect,3.0,681.84,2025-09-25,Enterprise,Standard,Industrial,88.33,Mumbai,Singapore,,Mumbai-Singapore,3757.59,452.16,0.0,0.0,0,2.0,1,0.0,751.518,0.023507088319907173,0.0,2.4000000000000004
ORD000047,QuickShip,1.0,1.0,On-Time,Perfect,4.0,166.22,2025-09-14,SMB,Express,Industrial,14542.31,Mumbai,Bangkok,Temperature_Controlled,Mumbai-Bangkok,4047.85,483.16,0.0,0.0,Light_Rain,0.0,0,0.0,4047.85,3.592601010412935,2.15,4.0
ORD000048,EcoDeliver,3.0,3.0,On-Time,Perfect,5.0,598.64,2025-10-20,Enterprise,Standard,Books,162.94,Delhi,Hyderabad,,Delhi-Hyderabad,1498.31,182.84,1198.65,21.0,0,0.0,0,0.8000013348372501,499.43666666666667,0.10874919075491721,0.02,5.0
ORD000049,GlobalTransit,5.0,5.0,On-Time,Major_Damage,3.0,452.68,2025-09-09,Individual,Standard,Fashion,293.0,Delhi,Hong Kong,,Delhi-Hong Kong,2359.86,287.35,0.0,0.0,Light_Rain,0.0,0,0.0,471.97200000000004,0.12415990779114014,0.03,3.0
ORD000050,SpeedyLogistics,5.0,5.0,On-Time,Wrong_Item,4.0,616.12,2025-09-26,Individual,Economy,Food & Beverage,512.5,Kolkata,Delhi,,Kolkata-Delhi,782.46,90.48,625.97,33.0,0,0.0,0,0.8000025560412034,156.49200000000002,0.6549855583672008,0.11,4.0
ORD000051,QuickShip,10.0,10.0,On-Time,Perfect,5.0,920.14,2025-09-02,Enterprise,Economy,Food & Beverage,794.15,Delhi,Pune,,Delhi-Pune,1170.25,135.97,936.2,75.0,0,0.0,0,0.8,117.025,0.6786156804101687,0.07,5.0
ORD000052,ReliableExpress,7.0,8.0,Slightly-Delayed,Perfect,3.0,765.07,2025-09-20,SMB,Economy,Home Goods,1059.66,Chennai,Hyderabad,Temperature_Controlled,Chennai-Hyderabad,274.67,29.85,219.74,92.0,0,1.0,1,0.8000145629300616,34.33375,3.8579386172497907,0.5,2.7
ORD000053,ReliableExpress,3.0,3.0,On-Time,Perfect,5.0,286.91,2025-09-28,Individual,Standard,Books,1125.45,Bangalore,Hyderabad,Temperature_Controlled,Bangalore-Hyderabad,569.49,70.41,455.59,86.0,0,0.0,0,0.7999964880858311,189.83,1.9762419006479481,0.69,5.0
ORD000054,EcoDeliver,2.0,3.0,Slightly-Delayed,Perfect,3.0,488.53,2025-10-17,SMB,Express,Healthcare,324.8,Bangalore,Mumbai,,Bangalore-Mumbai,893.85,105.67,715.08,43.0,Light_Rain,1.0,1,0.8,297.95,0.36337193041338034,0.07,2.7
ORD000055,GlobalTransit,7.0,12.0,Severely-Delayed,Perfect,3.0,919.83,2025-09-07,SMB,Economy,Fashion,1099.0,Hyderabad,Delhi,Fragile,Hyderabad-Delhi,637.66,72.54,510.13,64.0,0,5.0,1,0.8000031364677102,53.13833333333333,1.7234890066806763,0.19,1.5
ORD000056,SpeedyLogistics,7.0,7.0,On-Time,Perfect,5.0,810.13,2025-10-14,Enterprise,Economy,Books,303.74,Delhi,Singapore,,Delhi-Singapore,3694.95,447.06,0.0,0.0,0,0.0,0,0.0,527.85,0.08220408936521469,0.01,5.0
ORD000057,EcoDeliver,10.0,10.0,On-Time,Perfect,5.0,761.7,2025-09-08,Enterprise,Economy,Fashion,961.94,Kolkata,Bangalore,,Kolkata-Bangalore,1642.24,201.5,1313.79,82.0,Heavy_Rain,0.0,0,0.7999987821512081,164.224,0.5857487334372564,0.08,5.0
ORD000058,ReliableExpress,4.0,4.0,On-Time,Incomplete,3.0,428.43,2025-10-17,Individual,Standard,Fashion,850.6,Delhi,Hong Kong,,Delhi-Hong Kong,3131.95,380.48,0.0,0.0,0,0.0,0,0.0,782.9875,0.2715879883139897,0.06,3.0
ORD000059,GlobalTransit,3.0,7.0,Severely-Delayed,Perfect,1.0,749.94,2025-10-05,Individual,Standard,Fashion,1266.83,Delhi,Chennai,,Delhi-Chennai,1267.93,152.09,1014.35,32.0,Heavy_Rain,4.0,1,0.8000047321224357,181.13285714285715,0.9991324442201067,0.13,0.6
ORD000060,ReliableExpress,5.0,5.0,On-Time,Perfect,5.0,515.07,2025-09-14,SMB,Economy,Books,1050.42,Pune,Singapore,,Pune-Singapore,4532.75,545.69,0.0,0.0,0,0.0,0,0.0,906.55,0.2317401136175611,0.04,5.0
ORD000061,ReliableExpress,4.0,4.0,On-Time,Perfect,5.0,558.44,2025-09-17,SMB,Standard,Home Goods,207.75,Mumbai,Singapore,Fragile,Mumbai-Singapore,2762.69,335.28,0.0,0.0,0,0.0,0,0.0,690.6725,0.07519844788955692,0.01,5.0
ORD000062,QuickShip,5.0,5.0,On-Time,Perfect,4.0,608.58,2025-10-06,SMB,Economy,Food & Beverage,802.77,Mumbai,Bangalore,,Mumbai-Bangalore,573.35,65.1,458.68,67.0,Light_Rain,0.0,0,0.7999999999999999,114.67,1.4001395308275921,0.23,4.0
ORD000063,ReliableExpress,7.0,9.0,Slightly-Delayed,Perfect,3.0,905.22,2025-10-20,Individual,Economy,Food & Beverage,1075.03,Kolkata,Singapore,,Kolkata-Singapore,2894.16,343.35,0.0,0.0,Light_Rain,2.0,1,0.0,321.5733333333333,0.3714480194598778,0.04,2.4000000000000004
ORD000064,GlobalTransit,4.0,5.0,Slightly-Delayed,Perfect,3.0,589.48,2025-10-10,Individual,Standard,Home Goods,58.17,Mumbai,Bangkok,,Mumbai-Bangkok,3932.45,467.38,0.0,0.0,0,1.0,1,0.0,786.49,0.01479230505155819,0.0,2.7
ORD000065,QuickShip,7.0,7.0,On-Time,Perfect,5.0,650.86,2025-09-04,Individual,Economy,Fashion,267.45,Hyderabad,Mumbai,,Hyderabad-Mumbai,1726.56,207.19,1381.25,40.0,0,0.0,0,0.800001158372718,246.65142857142857,0.1549033917153183,0.02,5.0
ORD000066,QuickShip,7.0,12.0,Severely-Delayed,Perfect,3.0,755.55,2025-09-02,Individual,Economy,Healthcare,1004.43,Delhi,Pune,Fragile,Delhi-Pune,288.66,35.98,230.93,98.0,0,5.0,1,0.8000069285664796,24.055000000000003,3.479630014549989,0.46,1.5
ORD000067,ReliableExpress,1.0,1.0,On-Time,Perfect,5.0,196.3,2025-09-06,SMB,Express,Electronics,5239.28,Pune,Singapore,,Pune-Singapore,2157.07,261.52,0.0,0.0,0,0.0,0,0.0,2157.07,2.4288873332807928,1.23,5.0
ORD000068,ReliableExpress,7.0,7.0,On-Time,Perfect,4.0,511.73,2025-10-12,Enterprise,Economy,Books,1390.4,Kolkata,Bangalore,,Kolkata-Bangalore,1497.71,183.23,1198.16,15.0,0,0.0,0,0.799994658511995,213.95857142857145,0.9283506152726496,0.18,4.0
ORD000069,ReliableExpress,3.0,4.0,Slightly-Delayed,Perfect,3.0,368.74,2025-09-04,Enterprise,Standard,Electronics,5759.28,Chennai,Singapore,,Chennai-Singapore,4609.29,555.42,0.0,0.0,0,1.0,1,0.0,1152.3225,1.2494939567699146,0.34,2.7
ORD000070,SpeedyLogistics,10.0,15.0,Severely-Delayed,Perfect,1.0,1105.15,2025-09-29,Individual,Economy,Home Goods,221.95,Pune,Mumbai,,Pune-Mumbai,1453.61,176.97,1162.89,108.0,0,5.0,1,0.8000013758848661,96.90733333333333,0.15268882299929143,0.01,0.5
ORD000071,ReliableExpress,5.0,5.0,On-Time,Perfect,5.0,646.39,2025-09-18,SMB,Standard,Healthcare,587.15,Delhi,Bangkok,,Delhi-Bangkok,2409.8,290.69,0.0,0.0,Light_Rain,0.0,0,0.0,481.96000000000004,0.24365092538799898,0.04,5.0
ORD000072,ReliableExpress,5.0,9.0,Severely-Delayed,Perfect,1.0,762.0,2025-09-26,Enterprise,Economy,Books,1351.0,Pune,Bangkok,,Pune-Bangkok,2946.88,355.07,0.0,0.0,0,4.0,1,0.0,327.43111111111114,0.45845097187533934,0.06,0.6
ORD000073,ReliableExpress,3.0,8.0,Severely-Delayed,Perfect,2.0,831.61,2025-10-14,Enterprise,Standard,Home Goods,12.31,Mumbai,Dubai,Fragile,Mumbai-Dubai,4139.62,493.75,0.0,0.0,Heavy_Rain,5.0,1,0.0,517.4525,0.0029737029002662083,0.0,1.0
ORD000074,ReliableExpress,2.0,2.0,On-Time,Perfect,5.0,596.51,2025-10-04,SMB,Express,Fashion,3890.16,Bangalore,Bangkok,Temperature_Controlled,Bangalore-Bangkok,2862.23,342.15,0.0,0.0,0,0.0,0,0.0,1431.115,1.3591360582482888,0.23,5.0
ORD000075,ReliableExpress,10.0,15.0,Severely-Delayed,Perfect,3.0,1178.01,2025-09-10,Enterprise,Economy,Food & Beverage,24.75,Delhi,Dubai,,Delhi-Dubai,2334.54,280.3,0.0,0.0,0,5.0,1,0.0,155.636,0.010601660284253,0.0,1.5
ORD000076,QuickShip,2.0,2.0,On-Time,Perfect,5.0,477.95,2025-10-06,Enterprise,Express,Electronics,1799.76,Bangalore,Hyderabad,,Bangalore-Hyderabad,1520.32,177.58,1216.25,36.0,Heavy_Rain,0.0,0,0.799996053462429,760.16,1.1838034098084613,0.25,5.0
ORD000077,QuickShip,3.0,3.0,On-Time,Perfect,5.0,463.0,2025-09-14,SMB,Standard,Industrial,1130.31,Mumbai,Hong Kong,,Mumbai-Hong Kong,4514.8,543.87,0.0,0.0,Heavy_Rain,0.0,0,0.0,1504.9333333333334,0.25035660494374057,0.05,5.0
ORD000078,SpeedyLogistics,7.0,7.0,On-Time,Perfect,5.0,629.54,2025-10-01,SMB,Economy,Industrial,12.07,Hyderabad,Chennai,,Hyderabad-Chennai,153.42,20.77,122.73,101.0,0,0.0,0,0.7999608916699258,21.917142857142856,0.07867292399947856,0.01,5.0
ORD000079,GlobalTransit,7.0,8.0,Slightly-Delayed,Wrong_Item,2.0,533.76,2025-10-18,SMB,Economy,Healthcare,13.02,Hyderabad,Bangkok,,Hyderabad-Bangkok,3785.4,449.35,0.0,0.0,0,1.0,1,0.0,473.175,0.0034395308289744807,0.0,1.8
ORD000080,QuickShip,3.0,3.0,On-Time,Perfect,5.0,409.75,2025-09-15,Enterprise,Standard,Fashion,3458.96,Pune,Hyderabad,,Pune-Hyderabad,1737.95,208.74,1390.36,101.0,Light_Rain,0.0,0,0.7999999999999999,579.3166666666667,1.9902528841451135,0.48,5.0
ORD000081,ReliableExpress,5.0,7.0,Slightly-Delayed,Perfect,3.0,814.05,2025-09-08,Individual,Standard,Electronics,2495.1,Mumbai,Ahmedabad,,Mumbai-Ahmedabad,873.36,102.48,698.69,80.0,0,2.0,1,0.8000022900064121,124.76571428571428,2.856897499312998,0.35,2.4000000000000004
ORD000082,SpeedyLogistics,5.0,6.0,Slightly-Delayed,Perfect,3.0,723.21,2025-09-14,Enterprise,Standard,Fashion,107.63,Chennai,Hyderabad,,Chennai-Hyderabad,1759.22,207.36,1407.38,52.0,0,1.0,1,0.8000022737349508,293.2033333333333,0.06118052318641216,0.01,2.7
ORD000083,SpeedyLogistics,5.0,10.0,Severely-Delayed,Perfect,2.0,686.42,2025-09-23,SMB,Standard,Electronics,107.47,Bangalore,Bangkok,,Bangalore-Bangkok,3147.74,376.41,0.0,0.0,0,5.0,1,0.0,314.774,0.03414195581591872,0.0,1.0
ORD000084,ReliableExpress,4.0,4.0,On-Time,Perfect,5.0,486.64,2025-10-10,Individual,Standard,Healthcare,870.36,Delhi,Hong Kong,,Delhi-Hong Kong,3306.52,395.1,0.0,0.0,0,0.0,0,0.0,826.63,0.26322538499691517,0.05,5.0
ORD000085,SpeedyLogistics,4.0,7.0,Severely-Delayed,Perfect,1.0,776.69,2025-09-21,SMB,Standard,Healthcare,395.79,Delhi,Dubai,,Delhi-Dubai,4217.08,503.28,0.0,0.0,0,3.0,1,0.0,602.4399999999999,0.09385404118489572,0.01,0.7
ORD000086,SpeedyLogistics,7.0,10.0,Severely-Delayed,Perfect,1.0,626.95,2025-09-16,Individual,Economy,Industrial,1961.75,Delhi,Chennai,,Delhi-Chennai,1070.1,129.09,856.08,116.0,0,3.0,1,0.8000000000000002,107.00999999999999,1.8332398841229793,0.29,0.7
ORD000087,SpeedyLogistics,10.0,10.0,On-Time,Perfect,4.0,754.96,2025-10-15,SMB,Economy,Fashion,828.3,Chennai,Ahmedabad,,Chennai-Ahmedabad,1756.13,214.21,1404.9,72.0,0,0.0,0,0.7999977222642971,175.613,0.4716621206858262,0.06,4.0
ORD000088,SpeedyLogistics,5.0,5.0,On-Time,Perfect,4.0,690.74,2025-09-18,SMB,Economy,Books,4335.3,Bangalore,Hong Kong,Fragile,Bangalore-Hong Kong,4489.29,539.78,0.0,0.0,0,0.0,0,0.0,897.858,0.9656983621018024,0.14,4.0
ORD000089,SpeedyLogistics,1.0,2.0,Slightly-Delayed,Perfect,3.0,361.56,2025-10-17,Enterprise,Express,Industrial,1728.69,Bangalore,Hong Kong,,Bangalore-Hong Kong,2621.28,311.08,0.0,0.0,Heavy_Rain,1.0,1,0.0,1310.64,0.659483153268632,0.18,2.7
ORD000090,GlobalTransit,4.0,5.0,Slightly-Delayed,Perfect,3.0,381.05,2025-09-24,SMB,Standard,Fashion,1189.35,Mumbai,Bangkok,Hazmat,Mumbai-Bangkok,4130.41,500.02,0.0,0.0,0,1.0,1,0.0,826.082,0.2879496224345767,0.08,2.7
ORD000091,GlobalTransit,1.0,5.0,Severely-Delayed,Perfect,1.0,567.01,2025-09-26,Enterprise,Express,Industrial,237.89,Mumbai,Hyderabad,,Mumbai-Hyderabad,904.78,104.17,723.83,43.0,0,4.0,1,0.8000066314463186,180.956,0.2629257941156966,0.05,0.6
ORD000092,EcoDeliver,5.0,5.0,On-Time,Major_Damage,4.0,694.7,2025-09-25,Enterprise,Standard,Books,213.15,Mumbai,Ahmedabad,Fragile,Mumbai-Ahmedabad,1728.24,211.82,1382.59,4.0,0,0.0,0,0.7999988427533212,345.648,0.12333356478266908,0.02,4.0
ORD000093,QuickShip,4.0,8.0,Severely-Delayed,Perfect,1.0,736.11,2025-10-15,Individual,Standard,Food & Beverage,373.29,Ahmedabad,Delhi,,Ahmedabad-Delhi,1206.63,146.24,965.3,31.0,0,4.0,1,0.7999966849821403,150.82875,0.3093657542080008,0.04,0.6
ORD000094,ReliableExpress,10.0,11.0,Slightly-Delayed,Perfect,3.0,740.51,2025-10-11,SMB,Economy,Food & Beverage,6383.13,Mumbai,Kolkata,Fragile,Mumbai-Kolkata,721.66,83.85,577.33,107.0,0,1.0,1,0.8000027713881884,65.60545454545455,8.845065543330655,1.19,2.7
ORD000095,SpeedyLogistics,3.0,3.0,On-Time,Perfect,5.0,403.7,2025-09-29,Individual,Standard,Food & Beverage,219.33,Mumbai,Bangalore,Fragile,Mumbai-Bangalore,1623.33,198.27,1298.66,44.0,0,0.0,0,0.799997535929232,541.11,0.1351111603925265,0.03,5.0
ORD000096,SpeedyLogistics,2.0,2.0,On-Time,Perfect,5.0,380.05,2025-09-15,SMB,Express,Food & Beverage,596.33,Delhi,Ahmedabad,,Delhi-Ahmedabad,1768.81,212.53,1415.05,67.0,0,0.0,0,0.8000011307036935,884.405,0.33713626675561537,0.09,5.0
ORD000097,ReliableExpress,1.0,2.0,Slightly-Delayed,Perfect,3.0,431.71,2025-10-15,Individual,Express,Home Goods,13.91,Kolkata,Delhi,,Kolkata-Delhi,1246.02,147.12,996.82,48.0,Heavy_Rain,1.0,1,0.8000032102213448,623.01,0.011163544726408885,0.0,2.7
ORD000098,SpeedyLogistics,5.0,9.0,Severely-Delayed,Perfect,3.0,853.74,2025-09-01,SMB,Economy,Electronics,1111.77,Ahmedabad,Bangkok,,Ahmedabad-Bangkok,3012.02,363.69,0.0,0.0,0,4.0,1,0.0,334.6688888888889,0.36911109487984806,0.04,1.7999999999999998
ORD000099,QuickShip,4.0,5.0,Slightly-Delayed,Perfect,4.0,389.55,2025-09-25,SMB,Standard,Home Goods,11917.91,Kolkata,Mumbai,,Kolkata-Mumbai,203.07,26.27,162.46,25.0,0,1.0,1,0.8000196976412075,40.614,58.68867878071601,15.03,3.6
ORD000100,QuickShip,2.0,2.0,On-Time,Perfect,5.0,555.86,2025-09-07,SMB,Express,Home Goods,99.44,Chennai,Dubai,,Chennai-Dubai,2023.52,244.13,0.0,0.0,0,0.0,0,0.0,1011.76,0.04914208903297224,0.01,5.0
ORD000101,QuickShip,2.0,2.0,On-Time,Perfect,5.0,204.92,2025-09-09,Enterprise,Express,Home Goods,47177.07,Bangalore,Mumbai,,Bangalore-Mumbai,328.27,43.97,262.61,26.0,Light_Rain,0.0,0,0.7999817223626894,164.135,143.71422914064644,69.79,5.0
ORD000102,SpeedyLogistics,5.0,7.0,Slightly-Delayed,Perfect,4.0,598.02,2025-09-24,Individual,Economy,Food & Beverage,530.26,Mumbai,Singapore,,Mumbai-Singapore,3062.8,372.03,0.0,0.0,Fog,2.0,1,0.0,437.54285714285714,0.17312916285751598,0.03,3.2
ORD000103,GlobalTransit,1.0,2.0,Slightly-Delayed,Perfect,3.0,210.97,2025-09-01,Enterprise,Express,Books,8.5,Pune,Delhi,,Pune-Delhi,1155.54,142.95,924.44,61.0,0,1.0,1,0.8000069231701197,577.77,0.007355868252072625,0.0,2.7
ORD000104,QuickShip,5.0,5.0,On-Time,Perfect,5.0,507.19,2025-10-14,Enterprise,Economy,Healthcare,226.26,Kolkata,Singapore,Fragile,Kolkata-Singapore,3639.73,436.1,0.0,0.0,0,0.0,0,0.0,727.946,0.06216395172169364,0.01,5.0
ORD000105,SpeedyLogistics,10.0,10.0,On-Time,Perfect,5.0,810.33,2025-09-08,SMB,Economy,Healthcare,2968.04,Chennai,Bangalore,,Chennai-Bangalore,381.77,45.27,305.42,43.0,Heavy_Rain,0.0,0,0.8000104775126385,38.177,7.7744191528931035,0.96,5.0
ORD000106,ReliableExpress,1.0,4.0,Severely-Delayed,Perfect,1.0,504.67,2025-09-24,Enterprise,Express,Electronics,8094.79,Kolkata,Pune,Hazmat,Kolkata-Pune,1246.39,145.94,997.11,74.0,Light_Rain,3.0,1,0.7999983953658164,311.5975,6.4945883712160715,1.28,0.7
ORD000107,ReliableExpress,1.0,1.0,On-Time,Perfect,5.0,216.25,2025-09-11,Individual,Express,Food & Beverage,1184.59,Kolkata,Bangalore,,Kolkata-Bangalore,1551.43,183.59,1241.15,69.0,0,0.0,0,0.8000038673997538,1551.43,0.7635471790541628,0.35,5.0
ORD000108,EcoDeliver,10.0,10.0,On-Time,Perfect,4.0,858.3,2025-09-17,Individual,Economy,Food & Beverage,4236.07,Chennai,Ahmedabad,,Chennai-Ahmedabad,1182.12,141.84,945.69,55.0,Light_Rain,0.0,0,0.7999949243731602,118.21199999999999,3.5834517646262647,0.42,4.0
ORD000109,SpeedyLogistics,3.0,3.0,On-Time,Perfect,5.0,267.91,2025-09-08,Individual,Standard,Food & Beverage,68.95,Ahmedabad,Hong Kong,,Ahmedabad-Hong Kong,4943.43,593.91,0.0,0.0,0,0.0,0,0.0,1647.8100000000002,0.013947805471100026,0.01,5.0
ORD000110,ReliableExpress,5.0,10.0,Severely-Delayed,Perfect,2.0,904.76,2025-10-05,SMB,Standard,Industrial,145.42,Pune,Dubai,,Pune-Dubai,3310.99,398.25,0.0,0.0,0,5.0,1,0.0,331.099,0.04392039843068085,0.0,1.0
ORD000111,QuickShip,10.0,10.0,On-Time,Perfect,5.0,978.66,2025-10-05,Enterprise,Economy,Fashion,32.49,Chennai,Delhi,Fragile,Chennai-Delhi,1157.98,143.77,926.39,3.0,Light_Rain,0.0,0,0.8000051814366397,115.798,0.02805747940378936,0.0,5.0
ORD000112,GlobalTransit,10.0,10.0,On-Time,Perfect,4.0,735.91,2025-10-03,Individual,Economy,Industrial,162.78,Chennai,Hyderabad,,Chennai-Hyderabad,1344.61,159.9,1075.69,16.0,Fog,0.0,0,0.8000014874201442,134.46099999999998,0.12106112553082307,0.02,4.0
ORD000113,SpeedyLogistics,10.0,15.0,Severely-Delayed,Perfect,1.0,1056.9,2025-09-05,SMB,Economy,Fashion,1265.06,Mumbai,Pune,Fragile,Mumbai-Pune,986.48,123.15,789.19,118.0,0,5.0,1,0.8000060822317736,65.76533333333333,1.282398021247263,0.12,0.5
ORD000114,ReliableExpress,7.0,7.0,On-Time,Perfect,5.0,601.56,2025-10-12,Individual,Economy,Food & Beverage,555.01,Chennai,Kolkata,,Chennai-Kolkata,1552.18,188.99,1241.74,99.0,0,0.0,0,0.7999974229792937,221.74,0.35756806555940673,0.06,5.0
ORD000115,SpeedyLogistics,3.0,3.0,On-Time,Perfect,5.0,252.68,2025-10-09,Individual,Standard,Food & Beverage,1482.93,Mumbai,Kolkata,,Mumbai-Kolkata,1189.05,144.35,951.24,58.0,Fog,0.0,0,0.8,396.34999999999997,1.2471552920398639,0.49,5.0
ORD000116,GlobalTransit,2.0,2.0,On-Time,Minor_Damage,4.0,354.35,2025-10-11,Individual,Express,Industrial,99.01,Bangalore,Kolkata,,Bangalore-Kolkata,1398.08,171.32,1118.47,43.0,0,0.0,0,0.8000042915999085,699.04,0.07081855115587092,0.02,4.0
ORD000117,SpeedyLogistics,5.0,5.0,On-Time,Perfect,4.0,666.69,2025-09-28,Enterprise,Economy,Industrial,108.5,Ahmedabad,Delhi,,Ahmedabad-Delhi,115.37,12.41,92.29,27.0,0,0.0,0,0.7999479934124989,23.074,0.9404524573112594,0.14,4.0
ORD000118,ReliableExpress,4.0,4.0,On-Time,Perfect,5.0,538.4,2025-09-07,SMB,Standard,Fashion,548.35,Bangalore,Kolkata,,Bangalore-Kolkata,1178.42,138.63,942.73,103.0,Light_Rain,0.0,0,0.7999949084367203,294.605,0.4653264540656133,0.09,5.0
ORD000119,ReliableExpress,3.0,7.0,Severely-Delayed,Perfect,1.0,490.5,2025-09-09,Individual,Standard,Healthcare,163.37,Bangalore,Bangkok,,Bangalore-Bangkok,4186.58,498.34,0.0,0.0,0,4.0,1,0.0,598.0828571428572,0.03902230460184686,0.01,0.6
ORD000120,ReliableExpress,5.0,5.0,On-Time,Perfect,5.0,688.86,2025-09-08,SMB,Economy,Fashion,2843.45,Delhi,Mumbai,,Delhi-Mumbai,149.59,17.76,119.67,12.0,0,0.0,0,0.7999866301223344,29.918,19.00828932415268,2.76,5.0
ORD000121,GlobalTransit,1.0,1.0,On-Time,Perfect,4.0,362.43,2025-09-12,Enterprise,Express,Industrial,157.41,Mumbai,Pune,,Mumbai-Pune,1632.35,192.42,1305.88,118.0,Heavy_Rain,0.0,0,0.8000000000000002,1632.35,0.09643152510184703,0.03,4.0
ORD000122,SpeedyLogistics,3.0,3.0,On-Time,Perfect,5.0,586.69,2025-10-04,SMB,Standard,Books,191.89,Kolkata,Mumbai,,Kolkata-Mumbai,1788.53,210.07,1430.83,92.0,0,0.0,0,0.8000033547102928,596.1766666666666,0.10728922634789463,0.02,5.0
ORD000123,QuickShip,2.0,2.0,On-Time,Minor_Damage,3.0,432.09,2025-10-03,Individual,Express,Industrial,756.16,Mumbai,Hong Kong,,Mumbai-Hong Kong,3906.33,464.67,0.0,0.0,0,0.0,0,0.0,1953.165,0.1935729956250496,0.04,3.0
ORD000124,QuickShip,5.0,5.0,On-Time,Perfect,5.0,573.88,2025-10-18,SMB,Standard,Books,224.99,Mumbai,Pune,,Mumbai-Pune,198.09,23.22,158.48,89.0,0,0.0,0,0.8000403856832752,39.618,1.1357968600131254,0.2,5.0
ORD000125,SpeedyLogistics,2.0,3.0,Slightly-Delayed,Perfect,3.0,292.1,2025-09-23,SMB,Express,Electronics,63.28,Delhi,Mumbai,,Delhi-Mumbai,1438.83,170.17,1151.07,83.0,0,1.0,1,0.8000041700548363,479.60999999999996,0.043980178339345165,0.02,2.7
ORD000126,ReliableExpress,1.0,2.0,Slightly-Delayed,Perfect,3.0,266.94,2025-09-24,Enterprise,Express,Industrial,77.55,Kolkata,Pune,,Kolkata-Pune,806.53,100.26,645.22,0.0,0,1.0,1,0.7999950404820652,403.265,0.09615265396203489,0.04,2.7
ORD000127,EcoDeliver,2.0,2.0,On-Time,Perfect,5.0,588.81,2025-10-07,SMB,Express,Electronics,903.84,Kolkata,Hong Kong,,Kolkata-Hong Kong,4754.72,566.58,0.0,0.0,0,0.0,0,0.0,2377.36,0.19009321263923007,0.03,5.0
ORD000128,ReliableExpress,3.0,4.0,Slightly-Delayed,Perfect,3.0,391.39,2025-10-05,Individual,Standard,Healthcare,52.56,Mumbai,Singapore,,Mumbai-Singapore,2662.56,314.9,0.0,0.0,0,1.0,1,0.0,665.64,0.019740400216333154,0.01,2.7
ORD000129,ReliableExpress,5.0,7.0,Slightly-Delayed,Perfect,3.0,840.98,2025-10-14,Enterprise,Economy,Fashion,3280.49,Bangalore,Bangkok,,Bangalore-Bangkok,2525.67,306.75,0.0,0.0,0,2.0,1,0.0,360.81,1.2988593125784444,0.15,2.4000000000000004
ORD000130,EcoDeliver,5.0,5.0,On-Time,Perfect,5.0,562.77,2025-10-10,SMB,Standard,Books,143.22,Bangalore,Delhi,,Bangalore-Delhi,1715.78,206.71,1372.62,10.0,0,0.0,0,0.7999976686987842,343.156,0.08347224003077318,0.01,5.0
ORD000131,SpeedyLogistics,5.0,5.0,On-Time,Perfect,5.0,404.32,2025-09-22,Individual,Economy,Fashion,1016.71,Chennai,Delhi,Temperature_Controlled,Chennai-Delhi,826.75,97.47,661.4,114.0,0,0.0,0,0.7999999999999999,165.35,1.2297671605684912,0.3,5.0
ORD000132,QuickShip,5.0,6.0,Slightly-Delayed,Perfect,4.0,439.72,2025-09-27,Individual,Standard,Electronics,156.71,Chennai,Kolkata,,Chennai-Kolkata,700.19,87.96,560.15,70.0,Light_Rain,1.0,1,0.7999971436324426,116.69833333333334,0.22381067995829704,0.05,3.6
ORD000133,EcoDeliver,5.0,5.0,On-Time,Wrong_Item,4.0,433.55,2025-10-05,SMB,Standard,Books,102.22,Delhi,Bangkok,,Delhi-Bangkok,3202.83,386.97,0.0,0.0,Light_Rain,0.0,0,0.0,640.566,0.031915524707836505,0.01,4.0
ORD000134,SpeedyLogistics,5.0,6.0,Slightly-Delayed,Perfect,3.0,770.25,2025-09-01,Individual,Economy,Fashion,583.56,Bangalore,Chennai,,Bangalore-Chennai,1611.11,193.78,1288.89,108.0,0,1.0,1,0.8000012413801666,268.5183333333333,0.36220990497234823,0.05,2.7
ORD000135,ReliableExpress,3.0,6.0,Severely-Delayed,Perfect,1.0,565.66,2025-10-05,SMB,Standard,Industrial,1954.08,Bangalore,Kolkata,,Bangalore-Kolkata,416.43,48.29,333.14,102.0,0,3.0,1,0.799990394544101,69.405,4.692457315755349,0.83,0.7
ORD000136,QuickShip,5.0,10.0,Severely-Delayed,Perfect,1.0,758.17,2025-10-07,Enterprise,Economy,Food & Beverage,278.37,Hyderabad,Ahmedabad,,Hyderabad-Ahmedabad,1181.27,140.4,945.02,14.0,Heavy_Rain,5.0,1,0.800003386186054,118.127,0.23565315296248954,0.03,0.5
ORD000137,QuickShip,2.0,2.0,On-Time,Perfect,5.0,325.28,2025-10-17,Individual,Express,Electronics,365.69,Bangalore,Bangkok,,Bangalore-Bangkok,3380.01,401.55,0.0,0.0,Light_Rain,0.0,0,0.0,1690.005,0.10819198759766982,0.03,5.0
ORD000138,ReliableExpress,10.0,13.0,Severely-Delayed,Incomplete,3.0,808.82,2025-09-14,Individual,Economy,Fashion,1354.42,Delhi,Mumbai,Temperature_Controlled,Delhi-Mumbai,180.99,23.99,144.79,92.0,Light_Rain,3.0,1,0.7999889496657273,13.922307692307694,7.483396872755401,0.92,2.0999999999999996
ORD000139,EcoDeliver,1.0,4.0,Severely-Delayed,Perfect,1.0,495.14,2025-09-03,Individual,Express,Electronics,1423.38,Delhi,Pune,,Delhi-Pune,1212.91,142.06,970.32,56.0,0,3.0,1,0.7999934042921568,303.2275,1.173524828717712,0.24,0.7
ORD000140,ReliableExpress,10.0,10.0,On-Time,Perfect,4.0,652.02,2025-09-01,Individual,Economy,Home Goods,380.8,Bangalore,Chennai,,Bangalore-Chennai,177.19,19.16,141.75,108.0,0,0.0,0,0.7999887126813026,17.719,2.149105479993228,0.33,4.0
ORD000141,SpeedyLogistics,4.0,6.0,Slightly-Delayed,Perfect,3.0,734.19,2025-09-05,SMB,Standard,Electronics,207.43,Kolkata,Bangkok,,Kolkata-Bangkok,2383.6,288.69,0.0,0.0,0,2.0,1,0.0,397.26666666666665,0.08702382950159424,0.01,2.4000000000000004
ORD000142,EcoDeliver,7.0,7.0,On-Time,Perfect,5.0,598.16,2025-09-26,SMB,Economy,Books,456.68,Bangalore,Hong Kong,,Bangalore-Hong Kong,3249.7,390.19,0.0,0.0,0,0.0,0,0.0,464.24285714285713,0.14052989506723698,0.02,5.0
ORD000143,SpeedyLogistics,1.0,2.0,Slightly-Delayed,Incomplete,1.0,349.92,2025-09-14,Individual,Express,Home Goods,302.97,Chennai,Ahmedabad,,Chennai-Ahmedabad,1754.23,207.77,1403.39,37.0,0,1.0,1,0.8000034203040651,877.115,0.17270825376375962,0.05,0.9
ORD000144,GlobalTransit,3.0,5.0,Slightly-Delayed,Wrong_Item,2.0,539.6,2025-10-09,SMB,Standard,Books,645.14,Kolkata,Hong Kong,,Kolkata-Hong Kong,3312.45,401.32,0.0,0.0,0,2.0,1,0.0,662.49,0.19476218508958626,0.04,1.6
ORD000145,QuickShip,10.0,10.0,On-Time,Perfect,5.0,777.65,2025-09-27,Individual,Economy,Food & Beverage,67.26,Bangalore,Delhi,,Bangalore-Delhi,424.9,49.09,339.92,114.0,0,0.0,0,0.8,42.489999999999995,0.15829606966345025,0.02,5.0
ORD000146,QuickShip,4.0,5.0,Slightly-Delayed,Perfect,3.0,747.94,2025-09-09,Individual,Standard,Home Goods,611.41,Delhi,Bangalore,Temperature_Controlled,Delhi-Bangalore,1361.22,166.83,1088.98,86.0,0,1.0,1,0.8000029385404269,272.244,0.4491632506134203,0.06,2.7
ORD000147,GlobalTransit,5.0,6.0,Slightly-Delayed,Perfect,3.0,618.15,2025-09-15,Individual,Standard,Industrial,137.35,Hyderabad,Chennai,,Hyderabad-Chennai,1623.27,197.97,1298.62,111.0,Light_Rain,1.0,1,0.8000024641618461,270.545,0.08461315739217752,0.01,2.7
ORD000148,EcoDeliver,3.0,3.0,On-Time,Perfect,5.0,285.28,2025-09-15,SMB,Standard,Electronics,1570.0,Delhi,Mumbai,,Delhi-Mumbai,408.74,47.76,326.99,46.0,Light_Rain,0.0,0,0.7999951069139306,136.24666666666667,3.8410725644664088,1.34,5.0
ORD000149,ReliableExpress,4.0,4.0,On-Time,Perfect,5.0,542.75,2025-09-26,SMB,Standard,Fashion,147.13,Bangalore,Chennai,,Bangalore-Chennai,1774.26,215.45,1419.41,84.0,0,0.0,0,0.8000011272305074,443.565,0.08292471227441299,0.02,5.0
ORD000150,QuickShip,5.0,5.0,On-Time,Perfect,4.0,410.63,2025-10-12,Enterprise,Standard,Healthcare,151.01,Ahmedabad,Dubai,,Ahmedabad-Dubai,2448.8,292.66,0.0,0.0,0,0.0,0,0.0,489.76000000000005,0.06166693890885331,0.01,4.0
ORD000151,Unknown,,,Unknown,None,0.0,0.0,2025-09-13,SMB,Standard,Electronics,786.9,Mumbai,Ahmedabad,,Unknown,0.0,0.0,0.0,0.0,0,,0,0.0,0.0,0.0,0.0,0.0
ORD000152,Unknown,,,Unknown,None,0.0,0.0,2025-10-02,Enterprise,Economy,Electronics,412.12,Mumbai,Ahmedabad,,Unknown,0.0,0.0,0.0,0.0,0,,0,0.0,0.0,0.0,0.0,0.0
ORD000153,Unknown,,,Unknown,None,0.0,0.0,2025-10-09,SMB,Express,Food & Beverage,12270.8,Delhi,Bangkok,Fragile,Unknown,0.0,0.0,0.0,0.0,0,,0,0.0,0.0,0.0,0.0,0.0
ORD000154,Unknown,,,Unknown,None,0.0,0.0,2025-10-19,SMB,Standard,Industrial,35.02,Pune,Chennai,Fragile,Unknown,0.0,0.0,0.0,0.0,0,,0,0.0,0.0,0.0,0.0,0.0
ORD000155,Unknown,,,Unknown,None,0.0,0.0,2025-10-02,Enterprise,Economy,Healthcare,475.7,Mumbai,Bangalore,,Unknown,0.0,0.0,0.0,0.0,0,,0,0.0,0.0,0.0,0.0,0.0
ORD000156,Unknown,,,Unknown,None,0.0,0.0,2025-09-04,SMB,Economy,Home Goods,2196.18,Mumbai,Kolkata,Temperature_Controlled,Unknown,0.0,0.0,0.0,0.0,0,,0,0.0,0.0,0.0,0.0,0.0
ORD000157,Unknown,,,Unknown,None,0.0,0.0,2025-09-30,Enterprise,Standard,Home Goods,169.45,Mumbai,Pune,,Unknown,0.0,0.0,0.0,0.0,0,,0,0.0,0.0,0.0,0.0,0.0
ORD000158,Unknown,,,Unknown,None,0.0,0.0,2025-10-07,Enterprise,Standard,Home Goods,102.94,Mumbai,Bangkok,,Unknown,0.0,0.0,0.0,0.0,0,,0,0.0,0.0,0.0,0.0,0.0
ORD000159,Unknown,,,Unknown,None,0.0,0.0,2025-09-23,Individual,Standard,Books,109.26,Mumbai,Bangkok,,Unknown,0.0,0.0,0.0,0.0,0,,0,0.0,0.0,0.0,0.0,0.0
ORD000160,Unknown,,,Unknown,None,0.0,0.0,2025-10-09,SMB,Express,Books,35.95,Bangalore,Chennai,Hazmat,Unknown,0.0,0.0,0.0,0.0,0,,0,0.0,0.0,0.0,0.0,0.0
ORD000161,Unknown,,,Unknown,None,0.0,0.0,2025-10-15,Enterprise,Standard,Fashion,3055.07,Bangalore,Mumbai,,Unknown,0.0,0.0,0.0,0.0,0,,0,0.0,0.0,0.0,0.0,0.0
ORD000162,Unknown,,,Unknown,None,0.0,0.0,2025-09-15,SMB,Standard,Healthcare,246.06,Delhi,Singapore,,Unknown,0.0,0.0,0.0,0.0,0,,0,0.0,0.0,0.0,0.0,0.0
ORD000163,Unknown,,,Unknown,None,0.0,0.0,2025-10-13,Individual,Standard,Home Goods,206.02,Delhi,Hyderabad,,Unknown,0.0,0.0,0.0,0.0,0,,0,0.0,0.0,0.0,0.0,0.0
ORD000164,Unknown,,,Unknown,None,0.0,0.0,2025-09-29,Enterprise,Express,Books,16.67,Mumbai,Hyderabad,,Unknown,0.0,0.0,0.0,0.0,0,,0,0.0,0.0,0.0,0.0,0.0
ORD000165,Unknown,,,Unknown,None,0.0,0.0,2025-10-06,SMB,Economy,Fashion,46.97,Delhi,Bangkok,,Unknown,0.0,0.0,0.0,0.0,0,,0,0.0,0.0,0.0,0.0,0.0
ORD000166,Unknown,,,Unknown,None,0.0,0.0,2025-09-13,Enterprise,Economy,Industrial,3633.98,Bangalore,Kolkata,,Unknown,0.0,0.0,0.0,0.0,0,,0,0.0,0.0,0.0,0.0,0.0
ORD000167,Unknown,,,Unknown,None,0.0,0.0,2025-10-02,Enterprise,Standard,Fashion,635.66,Kolkata,Pune,,Unknown,0.0,0.0,0.0,0.0,0,,0,0.0,0.0,0.0,0.0,0.0
ORD000168,Unknown,,,Unknown,None,0.0,0.0,2025-09-07,SMB,Standard,Books,2320.99,Mumbai,Chennai,,Unknown,0.0,0.0,0.0,0.0,0,,0,0.0,0.0,0.0,0.0,0.0
ORD000169,Unknown,,,Unknown,None,0.0,0.0,2025-09-22,SMB,Standard,Food & Beverage,1919.82,Bangalore,Dubai,,Unknown,0.0,0.0,0.0,0.0,0,,0,0.0,0.0,0.0,0.0,0.0
ORD000170,Unknown,,,Unknown,None,0.0,0.0,2025-09-28,SMB,Economy,Food & Beverage,89.93,Delhi,Hyderabad,,Unknown,0.0,0.0,0.0,0.0,0,,0,0.0,0.0,0.0,0.0,0.0
ORD000171,Unknown,,,Unknown,None,0.0,0.0,2025-09-02,Individual,Standard,Home Goods,15440.85,Hyderabad,Bangalore,,Unknown,0.0,0.0,0.0,0.0,0,,0,0.0,0.0,0.0,0.0,0.0
ORD000172,Unknown,,,Unknown,None,0.0,0.0,2025-10-12,Individual,Express,Food & Beverage,7514.57,Chennai,Bangkok,,Unknown,0.0,0.0,0.0,0.0,0,,0,0.0,0.0,0.0,0.0,0.0
ORD000173,Unknown,,,Unknown,None,0.0,0.0,2025-10-15,SMB,Economy,Home Goods,173.18,Bangalore,Mumbai,,Unknown,0.0,0.0,0.0,0.0,0,,0,0.0,0.0,0.0,0.0,0.0
ORD000174,Unknown,,,Unknown,None,0.0,0.0,2025-09-06,SMB,Economy,Home Goods,1.91,Delhi,Hong Kong,,Unknown,0.0,0.0,0.0,0.0,0,,0,0.0,0.0,0.0,0.0,0.0
ORD000175,Unknown,,,Unknown,None,0.0,0.0,2025-09-28,Individual,Economy,Books,236.32,Pune,Hyderabad,,Unknown,0.0,0.0,0.0,0.0,0,,0,0.0,0.0,0.0,0.0,0.0
ORD000176,Unknown,,,Unknown,None,0.0,0.0,2025-09-28,Enterprise,Economy,Food & Beverage,576.77,Mumbai,Bangalore,Hazmat,Unknown,0.0,0.0,0.0,0.0,0,,0,0.0,0.0,0.0,0.0,0.0
ORD000177,Unknown,,,Unknown,None,0.0,0.0,2025-10-14,SMB,Standard,Home Goods,172.16,Mumbai,Chennai,,Unknown,0.0,0.0,0.0,0.0,0,,0,0.0,0.0,0.0,0.0,0.0
ORD000178,Unknown,,,Unknown,None,0.0,0.0,2025-10-14,Enterprise,Standard,Healthcare,289.37,Delhi,Mumbai,,Unknown,0.0,0.0,0.0,0.0,0,,0,0.0,0.0,0.0,0.0,0.0
ORD000179,Unknown,,,Unknown,None,0.0,0.0,2025-09-20,Enterprise,Economy,Industrial,116.4,Mumbai,Dubai,,Unknown,0.0,0.0,0.0,0.0,0,,0,0.0,0.0,0.0,0.0,0.0
ORD000180,Unknown,,,Unknown,None,0.0,0.0,2025-09-30,Individual,Economy,Fashion,1607.53,Pune,Singapore,,Unknown,0.0,0.0,0.0,0.0,0,,0,0.0,0.0,0.0,0.0,0.0
ORD000181,Unknown,,,Unknown,None,0.0,0.0,2025-09-11,Individual,Express,Fashion,443.83,Kolkata,Delhi,,Unknown,0.0,0.0,0.0,0.0,0,,0,0.0,0.0,0.0,0.0,0.0
ORD000182,Unknown,,,Unknown,None,0.0,0.0,2025-09-28,SMB,Express,Books,1681.21,Delhi,Bangkok,,Unknown,0.0,0.0,0.0,0.0,0,,0,0.0,0.0,0.0,0.0,0.0
ORD000183,Unknown,,,Unknown,None,0.0,0.0,2025-09-25,SMB,Standard,Food & Beverage,2523.26,Bangalore,Singapore,,Unknown,0.0,0.0,0.0,0.0,0,,0,0.0,0.0,0.0,0.0,0.0
ORD000184,Unknown,,,Unknown,None,0.0,0.0,2025-10-09,Enterprise,Economy,Food & Beverage,15.46,Ahmedabad,Dubai,,Unknown,0.0,0.0,0.0,0.0,0,,0,0.0,0.0,0.0,0.0,0.0
ORD000185,Unknown,,,Unknown,None,0.0,0.0,2025-10-03,Enterprise,Economy,Home Goods,127.0,Hyderabad,Mumbai,Temperature_Controlled,Unknown,0.0,0.0,0.0,0.0,0,,0,0.0,0.0,0.0,0.0,0.0
ORD000186,Unknown,,,Unknown,None,0.0,0.0,2025-09-01,Enterprise,Express,Electronics,158.22,Chennai,Hyderabad,Fragile,Unknown,0.0,0.0,0.0,0.0,0,,0,0.0,0.0,0.0,0.0,0.0
ORD000187,Unknown,,,Unknown,None,0.0,0.0,2025-09-27,SMB,Standard,Home Goods,19092.65,Pune,Singapore,,Unknown,0.0,0.0,0.0,0.0,0,,0,0.0,0.0,0.0,0.0,0.0
ORD000188,Unknown,,,Unknown,None,0.0,0.0,2025-09-13,Individual,Standard,Industrial,504.47,Ahmedabad,Bangkok,,Unknown,0.0,0.0,0.0,0.0,0,,0,0.0,0.0,0.0,0.0,0.0
ORD000189,Unknown,,,Unknown,None,0.0,0.0,2025-10-11,SMB,Economy,Healthcare,1364.91,Kolkata,Delhi,Fragile,Unknown,0.0,0.0,0.0,0.0,0,,0,0.0,0.0,0.0,0.0,0.0
ORD000190,Unknown,,,Unknown,None,0.0,0.0,2025-09-03,Enterprise,Economy,Fashion,24.02,Mumbai,Kolkata,,Unknown,0.0,0.0,0.0,0.0,0,,0,0.0,0.0,0.0,0.0,0.0
ORD000191,Unknown,,,Unknown,None,0.0,0.0,2025-10-09,Individual,Economy,Home Goods,500.11,Delhi,Ahmedabad,,Unknown,0.0,0.0,0.0,0.0,0,,0,0.0,0.0,0.0,0.0,0.0
ORD000192,Unknown,,,Unknown,None,0.0,0.0,2025-09-06,Individual,Standard,Electronics,1750.12,Hyderabad,Bangalore,Hazmat,Unknown,0.0,0.0,0.0,0.0,0,,0,0.0,0.0,0.0,0.0,0.0
ORD000193,Unknown,,,Unknown,None,0.0,0.0,2025-09-08,SMB,Standard,Electronics,1469.9,Mumbai,Hyderabad,,Unknown,0.0,0.0,0.0,0.0,0,,0,0.0,0.0,0.0,0.0,0.0
ORD000194,Unknown,,,Unknown,None,0.0,0.0,2025-09-27,SMB,Standard,Home Goods,1027.72,Hyderabad,Singapore,,Unknown,0.0,0.0,0.0,0.0,0,,0,0.0,0.0,0.0,0.0,0.0
ORD000195,Unknown,,,Unknown,None,0.0,0.0,2025-09-09,SMB,Express,Books,411.37,Mumbai,Hong Kong,Hazmat,Unknown,0.0,0.0,0.0,0.0,0,,0,0.0,0.0,0.0,0.0,0.0
ORD000196,Unknown,,,Unknown,None,0.0,0.0,2025-10-07,Enterprise,Economy,Fashion,442.46,Mumbai,Chennai,,Unknown,0.0,0.0,0.0,0.0,0,,0,0.0,0.0,0.0,0.0,0.0
ORD000197,Unknown,,,Unknown,None,0.0,0.0,2025-10-03,SMB,Economy,Books,31.82,Delhi,Kolkata,,Unknown,0.0,0.0,0.0,0.0,0,,0,0.0,0.0,0.0,0.0,0.0
ORD000198,Unknown,,,Unknown,None,0.0,0.0,2025-10-12,Individual,Economy,Healthcare,104.5,Mumbai,Dubai,,Unknown,0.0,0.0,0.0,0.0,0,,0,0.0,0.0,0.0,0.0,0.0
ORD000199,Unknown,,,Unknown,None,0.0,0.0,2025-10-14,Enterprise,Economy,Electronics,570.44,Pune,Ahmedabad,Fragile,Unknown,0.0,0.0,0.0,0.0,0,,0,0.0,0.0,0.0,0.0,0.0
ORD000200,Unknown,,,Unknown,None,0.0,0.0,2025-09-24,Enterprise,Standard,Electronics,137.83,Hyderabad,Mumbai,Temperature_Controlled,Unknown,0.0,0.0,0.0,0.0,0,,0,0.0,0.0,0.0,0.0,0.0
